domain,BL,DP,ABY,ACR,Dmoz,C,N,O,D,Reg,RTD,Traffic,Price,Bids,Endtime
gm-h.com,1,0,2001,48,-,registered,available,available,registered,2,77,6,120 USD,4,6h 1m
HelioCar.com,0,0,2004,22,-,registered,available,available,registered,4,22,1,79 USD,1,6h 1m
EzineMag.com,"1,556",0,2005,20,-,registered,available,available,available,1,6,21,79 USD,1,6h 1m
MeDimArk.shop,0,0,2021,1,-,registered,registered,available,registered,32,48,10,79 USD,1,6h 1m
moz.biz,3,0,2004,19,-,registered,registered,registered,registered,175,0,3,79 USD,1,2d 6h 1m
couffea.com,0,0,2021,1,-,registered,available,available,available,1,2,3,Bid,0,6h 1m
PupChoi.com,0,0,2021,1,-,registered,available,available,available,1,2,3,Bid,0,6h 1m
MasterScalping.com,0,0,2020,5,-,registered,available,available,available,1,3,50,Bid,0,6h 1m
starkesmauerwerk.com,0,0,2018,2,-,registered,registered,registered,registered,6,8,2,Bid,0,6h 1m
vitebsk.online,0,0,2021,1,-,registered,registered,registered,registered,23,59,3,Bid,0,6h 1m
calcooks.com,2,1,1999,18,-,registered,available,available,available,1,14,3,Bid,0,6h 1m
WebWading.com,0,0,2018,2,-,registered,available,available,available,1,2,6,Bid,0,6h 1m
a2d2events.com,0,0,-,0,-,registered,available,available,available,1,2,1,Bid,0,6h 1m
marcostrelau.com,0,0,-,0,-,registered,available,available,available,1,2,1,Bid,0,6h 1m
brujosenlaweb.com,0,0,2021,1,-,registered,available,available,available,1,2,1,Bid,0,6h 1m
Mystery-Organization.com,0,0,2021,2,-,registered,available,available,available,1,2,1,Bid,0,6h 1m
brauchthilfe.online,0,0,2021,1,-,registered,available,registered,registered,5,4,1,Bid,0,6h 1m
PetErgAdams.com,5,2,2009,32,-,registered,available,available,available,1,2,6,Bid,0,6h 1m
felinaclub.com,0,0,2007,6,-,registered,available,available,available,1,2,8,Bid,0,6h 1m
CanNagoTchi.com,2,0,2003,20,-,registered,available,available,available,3,2,0,Bid,0,6h 1m
BudgetEstimating.com,0,1,2008,40,-,registered,registered,available,available,3,6,0,Bid,0,6h 1m
Web-Aesthetics.com,0,1,2014,12,-,registered,available,available,available,1,3,2,Bid,0,6h 1m
BallForSheriff.com,0,0,2007,7,-,registered,available,available,available,1,6,0,Bid,0,6h 1m
AutodialApp.com,0,1,2018,2,-,registered,available,available,available,1,2,0,Bid,0,6h 1m
hilalyapiinsaat.com,0,0,2011,22,-,registered,available,available,available,2,2,1,Bid,0,6h 1m
mein-freistaat.bayern,0,0,2021,1,-,available,available,available,available,1,0,4,Bid,0,6h 1m
wambach.bayern,0,0,2021,1,-,registered,registered,registered,registered,17,58,1,Bid,0,6h 1m
3peixes.com,0,0,2021,2,-,registered,available,available,available,2,2,2,Bid,0,6h 1m
BirthdayPlusBook.com,0,0,2018,2,-,registered,available,available,available,2,3,1,Bid,0,6h 1m
himmelstuermer-verlag.com,97,8,2018,30,-,registered,available,available,registered,2,2,21,Bid,0,6h 1m
BioGleeBox.com,2,0,2021,2,-,registered,available,available,available,1,2,11,Bid,0,6h 1m
Frequence-Formation.com,0,0,2021,1,-,registered,registered,available,available,2,6,0,Bid,0,6h 1m
zuth.online,0,0,2022,1,-,registered,registered,registered,registered,15,70,2,Bid,0,6h 1m
umkleidekabine.bayern,0,0,2018,3,-,registered,registered,available,registered,5,6,1,Bid,0,6h 1m
GoMallFrance.com,0,0,2021,1,-,registered,available,available,available,1,2,1,Bid,0,6h 1m
BirthdayPlusBooks.com,0,0,2014,12,-,registered,available,available,available,2,2,2,Bid,0,6h 1m
ouilearning.com,8,0,2018,3,-,registered,available,available,available,2,3,30,Bid,0,6h 1m
ExtremeSportsGirls.com,0,0,2013,10,-,registered,available,available,available,1,2,1,Bid,0,6h 1m
FrequenceFormation.com,0,0,2021,1,-,registered,registered,available,available,2,6,3,Bid,0,6h 1m
rrlogisticsservices.org,0,0,-,0,-,registered,available,registered,available,2,4,2,Bid,0,6h 1m
initiadigital.net,1,0,2021,1,-,registered,registered,registered,available,4,6,4,Bid,0,6h 1m
parisclic.shop,0,0,2021,1,-,registered,available,available,available,2,5,1,Bid,0,6h 1m
WaterWithoutFrontiers.org,0,0,2021,1,-,registered,registered,registered,registered,4,6,0,Bid,0,6h 1m
life-in-balance.bayern,0,0,2018,3,-,registered,registered,registered,registered,14,11,0,Bid,0,6h 1m
Rescue-Engineering.org,0,0,2011,12,-,registered,available,registered,registered,3,4,0,Bid,0,6h 1m
wctrennwand.bayern,0,0,2018,3,-,available,available,available,registered,1,0,0,Bid,0,6h 1m
lizpillari79realestate.com,0,0,2021,1,-,registered,available,available,available,1,2,0,Bid,0,6h 1m
echographie-plaisir.com,0,0,2011,13,-,registered,available,available,available,1,2,0,Bid,0,6h 1m
byrdsnestsoap.com,0,1,2013,25,-,registered,available,available,available,1,2,4,Bid,0,6h 1m
ParisClick.shop,0,0,2021,1,-,registered,available,available,available,3,4,2,Bid,0,6h 1m
FrequenceFormations.com,0,0,2021,1,-,registered,registered,available,available,2,4,4,Bid,0,6h 1m
MatthiasNunn.info,0,0,2021,1,-,available,available,available,registered,2,2,1,Bid,0,6h 1m
biladi-dress.com,0,0,2021,1,-,registered,available,available,available,1,2,2,Bid,0,6h 1m
Line-Racers.com,0,0,2021,1,-,registered,available,available,available,1,2,1,Bid,0,6h 1m
ressources-officielles.com,0,0,2018,4,-,registered,available,available,available,1,2,1,Bid,0,6h 1m
mavo.club,0,0,2021,1,-,registered,registered,registered,registered,69,896,1,Bid,0,6h 1m
Cream-Culture.com,0,0,2014,26,-,registered,available,available,available,1,2,1,Bid,0,6h 1m
madelinepoupore.com,0,0,2021,1,-,registered,available,available,available,1,2,0,Bid,0,6h 1m
hotelfotografen.com,0,0,2018,2,-,registered,available,available,registered,4,2,2,Bid,0,6h 1m
shagang-group.com,0,0,2021,1,-,registered,available,available,available,1,2,1,Bid,0,6h 1m
RamAquaGlobal.org,0,0,2021,1,-,available,available,registered,available,1,2,0,Bid,0,6h 1m
4BratsCollectibleToys.biz,0,0,2021,2,-,available,available,available,available,1,2,4,Bid,0,6h 1m
ghenterprise.net,0,0,-,0,-,registered,registered,available,available,4,61,0,Bid,0,6h 1m
WindermereWedding.photography,4,1,2017,8,-,registered,available,available,available,2,5,7,Bid,0,6h 1m
deine-immobilien.koeln,0,0,-,0,-,registered,available,available,registered,3,8,0,Bid,0,6h 1m
bux-crypto.com,0,0,2018,4,-,registered,available,available,available,1,2,1,Bid,0,6h 1m
ermanni-jardinsetpiscines.com,1,1,2016,9,-,registered,available,available,available,1,2,1,Bid,0,6h 1m
glscampestre.com,0,0,2021,1,-,registered,available,available,available,1,2,1,Bid,0,6h 1m
edblose.com,0,0,2017,12,-,registered,available,available,available,1,2,2,Bid,0,6h 1m
The-Frequency-Of-Your-Life.com,0,0,2021,1,-,registered,available,available,available,1,2,0,Bid,0,6h 1m
OrderDragonBowl.com,20,0,2013,15,-,registered,available,available,available,1,2,6,Bid,0,6h 1m
HanoverHallWatch.org,0,0,-,0,-,registered,registered,registered,available,3,6,1,Bid,0,6h 1m
Rate-This-Ad.com,0,0,2013,36,-,registered,available,available,available,1,2,0,Bid,0,6h 1m
lifshutzlaw.com,14,0,2003,63,-,registered,available,available,available,1,5,2,Bid,0,6h 1m
certec.online,0,0,2021,1,-,registered,registered,registered,registered,30,129,0,Bid,0,6h 1m
augtec.com,8,1,2011,36,-,registered,available,available,available,2,9,12,Bid,0,6h 1m
balkan-design-inc.com,1,0,2013,42,-,registered,available,available,available,1,2,1,Bid,0,6h 1m
SnuffBoard.bayern,0,0,2021,1,-,registered,available,available,registered,2,3,0,Bid,0,6h 1m
MastodonLeatherWorks.com,0,0,2013,13,-,registered,available,available,available,1,2,5,Bid,0,6h 1m
sks-gmbh.bayern,0,0,2018,3,-,registered,available,available,registered,5,3,2,Bid,0,6h 1m
manuelbencini.com,0,0,-,0,-,registered,available,available,available,2,2,12,Bid,0,6h 1m
eligram.com,5,0,2016,10,-,registered,registered,available,available,2,21,3,Bid,0,6h 1m
schwul.net,46,8,2000,192,-,registered,registered,registered,registered,29,171,4,Bid,0,6h 1m
briandp.com,0,0,2004,9,-,registered,available,available,available,1,30,11,Bid,0,6h 1m
zeeja-fashion.com,0,0,2021,2,-,registered,available,available,available,1,2,1,Bid,0,6h 1m
Elites-Closers-Academy.com,0,0,2021,2,-,registered,available,available,available,1,2,4,Bid,0,6h 1m
CripToInfinity.com,0,0,2021,1,-,registered,available,available,available,1,2,1,Bid,0,6h 1m
bux-token.com,0,0,2018,4,-,registered,available,available,available,1,2,1,Bid,0,6h 1m
alturo-ag.com,0,0,2004,12,-,registered,registered,registered,available,6,10,2,Bid,0,6h 1m
academieducancer.com,4,0,2021,2,-,registered,available,available,available,1,2,26,Bid,0,6h 1m
produitsessentiels.com,0,0,2021,2,-,registered,available,available,available,3,3,1,Bid,0,6h 1m
GetSkinGlow.com,0,0,2018,5,-,registered,available,available,available,1,2,7,Bid,0,6h 1m
chupayvete.com,0,0,-,0,-,registered,available,available,available,1,2,26,Bid,0,6h 1m
VeritasSport.club,0,0,2021,1,-,registered,available,available,available,2,7,38,Bid,0,6h 1m
alturo-gmbh.com,0,0,2004,11,-,registered,registered,registered,available,7,10,1,Bid,0,6h 1m
NoMore919.org,2,0,2021,1,-,available,available,registered,available,1,2,2,Bid,0,6h 1m
ncrobrph.com,0,0,-,0,-,registered,available,available,available,1,2,1,Bid,0,6h 1m
FeelingTrue.com,0,0,2013,11,-,registered,available,available,available,1,2,0,Bid,0,6h 1m
snacken.online,1,0,2021,3,-,registered,available,available,registered,12,43,1,Bid,0,6h 1m
j4mb.org,6,0,2020,6,-,registered,available,registered,available,5,8,2,Bid,0,6h 1m
stoedtlen24.org,0,0,2021,1,-,registered,available,registered,registered,3,4,2,Bid,0,6h 1m
meileurschoix.com,0,0,2021,1,-,registered,available,available,available,1,2,1,Bid,0,6h 1m
nerb.bayern,0,0,2018,3,-,registered,registered,registered,registered,24,409,0,Bid,0,6h 1m
CoupleAfro.com,0,0,2021,1,-,registered,available,available,available,1,2,0,Bid,0,6h 1m
br8z.com,1,0,2021,2,-,registered,available,available,available,2,6,3,Bid,0,6h 1m
sab-sra.org,0,0,2021,1,-,registered,available,registered,registered,3,4,0,Bid,0,6h 1m
AlonePrice.com,0,0,2021,2,-,registered,available,available,available,1,5,1,Bid,0,6h 1m
privusclothing.shop,0,0,2021,3,-,registered,available,available,available,3,2,0,Bid,0,6h 1m
tatioko.com,0,0,2021,1,-,registered,available,available,available,1,2,1,Bid,0,6h 1m
ClimateForests.org,26,4,2017,15,-,registered,registered,registered,available,10,11,16,Bid,0,6h 1m
ConnecticutPromo.com,0,0,2018,2,-,registered,available,available,available,1,4,1,Bid,0,6h 1m
soroandco.com,0,0,2018,3,-,registered,available,available,available,2,3,0,Bid,0,6h 1m
balayage-bar.com,0,0,2018,5,-,registered,available,available,available,1,2,1,Bid,0,6h 1m
maison-nanako.com,0,0,2021,1,-,registered,available,available,available,2,2,0,Bid,0,6h 1m
ariyalondon.com,0,0,-,0,-,registered,available,available,available,2,3,1,Bid,0,6h 1m
MetaVerse-Place.com,0,0,2021,1,-,registered,available,available,available,1,3,3,Bid,0,6h 1m
klika.shop,0,0,2021,1,-,registered,registered,registered,registered,44,345,1,Bid,0,6h 1m
RidgeServicedToYou.com,0,0,2021,2,-,registered,available,available,available,1,2,1,Bid,0,6h 1m
BestWealthEngineering.com,0,0,2021,2,-,registered,available,available,available,1,2,0,Bid,0,6h 1m
soyfuncionario.com,0,0,-,0,-,registered,available,available,available,2,2,5,Bid,0,6h 1m
SuperContractorSeo.com,41,65,2020,13,-,registered,available,available,available,1,2,6,Bid,0,6h 1m
croisieredepartmarseille.com,0,0,2021,1,-,registered,available,available,available,2,2,1,Bid,0,6h 1m
c1jet.com,1,0,2021,2,-,registered,available,available,available,1,4,1,Bid,0,6h 1m
MerrillEdgeWealth.com,0,0,-,0,-,registered,available,available,available,1,2,3,Bid,0,6h 1m
croisierederniereminute.com,0,0,2018,3,-,registered,available,available,available,2,2,0,Bid,0,6h 1m
artechtogo.com,8,2,2017,38,-,registered,available,available,available,1,2,10,Bid,0,6h 1m
Serra-Server.com,0,0,2021,1,-,registered,available,available,available,1,2,0,Bid,0,6h 1m
Amity-75.org,0,0,-,0,-,registered,available,registered,available,4,4,1,Bid,0,6h 1m
ClimateChangeHelp.org,0,0,-,0,-,registered,available,registered,available,4,4,7,Bid,0,6h 1m
Mod-Parts.com,0,0,2013,4,-,registered,available,available,registered,2,2,4,Bid,0,6h 1m
iridium-tdoholiday2021.com,0,0,2021,3,-,registered,available,available,available,1,2,4,Bid,0,6h 1m
MyDealerForum.net,0,0,2021,1,-,registered,registered,available,available,2,4,0,Bid,0,6h 1m
schuelerzeitung-aaretal.com,0,0,2021,1,-,registered,available,available,available,1,2,0,Bid,0,6h 1m
HorsKea.com,0,0,-,0,-,registered,available,available,available,1,3,0,Bid,0,6h 1m
alturo.net,7,0,2004,7,-,registered,registered,registered,registered,20,89,4,Bid,0,6h 1m
haw-landshut.bayern,0,0,-,0,-,registered,available,available,registered,4,2,3,Bid,0,6h 1m
ecklektik.com,0,0,2021,2,-,registered,available,available,available,1,2,1,Bid,0,6h 1m
MarseilleTransport.com,0,0,2004,19,-,registered,available,available,available,2,3,3,Bid,0,6h 1m
agentur-freund.com,3,0,1998,27,-,registered,available,available,registered,2,4,5,Bid,0,6h 1m
ManMeAlcantara.com,0,0,2021,1,-,registered,available,available,available,1,2,1,Bid,0,6h 1m
CaroLapReis.bayern,0,0,2018,2,-,registered,available,available,registered,2,0,0,Bid,0,6h 1m
hothausproperty.com,0,0,2021,1,-,registered,available,available,available,2,2,0,Bid,0,6h 1m
HellsAngels.me,0,0,2013,4,-,registered,registered,registered,registered,50,183,0,Bid,0,6h 1m
activevolve.com,0,0,2018,5,-,registered,registered,available,available,3,4,8,Bid,0,6h 1m
ProjectInfinityNow.online,0,0,2021,1,-,available,available,available,available,1,0,0,Bid,0,6h 1m
secureauthenticationamazoncs.com,0,0,-,0,-,registered,available,available,available,1,2,16,Bid,0,6h 1m
HelenOfTroy.london,0,0,2018,2,-,registered,registered,registered,available,17,39,2,Bid,0,6h 1m
2Be-Eco.com,0,0,2021,1,-,registered,available,available,available,1,2,3,Bid,0,6h 1m
VoiceYourVisionBrevard.com,14,3,2019,10,-,registered,available,available,available,1,2,9,Bid,0,6h 1m
ImagesByamOther.com,0,0,2018,3,-,registered,available,available,available,2,2,1,Bid,0,6h 1m
hotelinmadagascar.com,0,0,-,0,-,registered,available,available,available,1,2,2,Bid,0,6h 0m
MountainBlick.bayern,0,0,2018,2,-,registered,registered,registered,registered,8,10,1,Bid,0,6h 0m
GerhardSchroeder.online,0,0,2021,1,-,registered,registered,registered,registered,5,6,0,Bid,0,6h 0m
lemartists.com,0,0,2018,2,-,registered,available,available,available,1,7,2,Bid,0,6h 0m
ArtAcademyForChildren.com,0,0,2018,2,-,registered,available,available,available,2,2,0,Bid,0,6h 0m
AltEsthEater.com,0,0,2011,13,-,registered,available,available,registered,3,4,2,Bid,0,6h 0m
vecineame.com,0,0,2021,1,-,registered,available,available,available,1,2,1,Bid,0,6h 0m
webuildpg.org,0,0,2021,1,-,registered,available,registered,available,2,4,1,Bid,0,6h 0m
ocogs.com,0,0,2011,14,-,registered,available,registered,available,2,29,4,Bid,0,6h 0m
TimeStone.org,0,0,2011,18,-,registered,registered,registered,registered,41,38,1,Bid,0,6h 0m
RedbirdMarket.com,48,6,2008,75,-,registered,available,available,available,1,10,77,Bid,0,6h 0m
Ares.bayern,0,0,2018,4,-,registered,registered,registered,registered,279,88.0 K,8,Bid,0,6h 0m
SamadhiYogaTribe.com,12,2,2006,75,-,registered,available,available,available,1,2,10,Bid,0,6h 0m
FilmUnion.org,0,0,2011,19,-,registered,registered,registered,registered,8,19,0,Bid,0,6h 0m
lacentrale-ecologique.com,2,1,2021,2,-,registered,available,available,available,2,2,3,Bid,0,6h 0m
marko-gottwald.com,0,0,2021,2,-,registered,available,available,available,1,2,7,Bid,0,6h 0m
Make-Water.com,0,0,2018,3,-,registered,available,available,registered,2,3,1,Bid,0,6h 0m
CapitalistBaguette.club,0,0,-,0,-,registered,available,available,available,2,2,11,Bid,0,6h 0m
BrownMedius.com,0,1,2008,27,-,registered,available,available,available,1,2,20,Bid,0,6h 0m
BurVan.com,0,0,2015,9,-,registered,available,available,available,5,10,3,Bid,0,6h 0m
tutorialesdefinanzas.com,0,0,2021,3,-,registered,available,available,available,1,2,7,Bid,0,6h 0m
perritex.com,0,0,2021,1,-,registered,available,available,available,1,2,1,Bid,0,6h 0m
cardaniumbsc.com,0,0,2021,2,-,registered,available,available,available,1,2,2,Bid,0,6h 0m
AsLorry.com,0,0,2018,2,-,registered,available,available,available,1,3,0,Bid,0,6h 0m
FootballNations.club,0,0,2021,1,-,registered,registered,available,available,3,6,0,Bid,0,6h 0m
DreamsDog.org,0,0,2021,1,-,registered,available,registered,available,4,5,1,Bid,0,6h 0m
LindsayWalt.net,30,3,2007,30,Yes,registered,registered,available,available,2,9,0,Bid,0,6h 0m
criminalattorneyinraleigh.com,0,0,2018,2,-,registered,available,available,available,1,2,1,Bid,0,6h 0m
hayebeauty.com,0,0,-,0,-,registered,available,available,available,2,6,2,Bid,0,6h 0m
TimeAgainDesign.com,0,0,-,0,-,registered,available,available,available,1,2,2,Bid,0,6h 0m
ThinkGreenLeaf.com,0,0,2006,11,-,registered,available,available,available,1,2,2,Bid,0,6h 0m
LeftButtonSolutions.com,0,0,2010,14,-,registered,available,available,available,1,2,0,Bid,0,6h 0m
Frequence-Formation.net,0,0,2021,1,-,registered,registered,available,available,2,6,1,Bid,0,6h 0m
PeterBainConsulting.com,0,0,2013,10,-,registered,available,available,available,1,2,36,Bid,0,6h 0m
dritte-meinung.org,0,0,2021,1,-,registered,available,registered,registered,4,4,2,Bid,0,6h 0m
sumlerinvestmentgroup.org,0,0,-,0,-,available,available,registered,available,1,2,13,Bid,0,6h 0m
BitteBitte.org,9,1,2002,58,-,registered,registered,registered,registered,9,8,6,Bid,0,6h 0m
osloss.info,0,0,2018,2,-,available,available,available,registered,3,9,0,Bid,0,6h 0m
alte-kaserne.bayern,0,0,2021,1,-,registered,available,available,registered,3,2,3,Bid,0,6h 0m
YesPrice.org,0,0,2022,1,-,registered,registered,registered,registered,13,15,1,Bid,0,6h 0m
Apparel-Retrospect.com,0,0,2021,1,-,registered,available,available,available,1,2,0,Bid,0,6h 0m
FrequenceFormation.net,0,0,2021,1,-,registered,registered,available,available,2,6,1,Bid,0,6h 0m
neue-freiheit.bayern,0,0,2021,1,-,registered,registered,available,registered,5,7,1,Bid,0,6h 0m
Breakers-Resort.com,0,0,2018,3,-,registered,available,available,registered,2,2,1,Bid,0,6h 0m
CatAttackComedy.com,0,0,2021,1,-,registered,available,available,available,1,2,0,Bid,0,6h 0m
inauguration-evolea-2021.com,0,0,2021,2,-,registered,available,available,available,1,2,2,Bid,0,6h 0m
Frequence-Formations.net,0,0,2021,1,-,registered,registered,available,available,3,4,0,Bid,0,6h 0m
tibilt.com,0,0,2021,1,-,registered,available,available,available,1,3,1,Bid,0,6h 0m
ronguanoesq.com,0,0,-,0,-,registered,available,available,available,1,2,2,Bid,0,6h 0m
bamberg-sistemas.com,0,0,2018,2,-,registered,available,available,available,1,2,0,Bid,0,6h 0m
FrequenceFormations.net,0,0,2021,1,-,registered,registered,available,available,2,4,1,Bid,0,6h 0m
MittelAlter.bayern,0,0,2018,2,-,registered,registered,registered,registered,33,181,1,Bid,0,6h 0m
sovaec.com,0,0,2021,1,-,registered,available,available,available,1,4,0,Bid,0,6h 0m
jbservices78.com,4,1,2021,3,-,registered,available,available,available,1,2,62,Bid,0,6h 0m
SupplyRunners.net,0,0,2021,2,-,registered,registered,available,available,2,6,2,Bid,0,6h 0m
TailleTea.com,0,0,2021,1,-,registered,available,available,available,1,2,3,Bid,0,6h 0m
bubbassouthernstylecatering.net,0,0,-,0,-,available,registered,available,available,1,2,0,Bid,0,6h 0m
gorman.bayern,0,0,2018,3,-,registered,registered,registered,registered,87,2.2 K,0,Bid,0,6h 0m
FlawlessVintageWholesale.com,0,0,-,0,-,registered,available,available,available,1,2,2,Bid,0,6h 0m
sovalec.com,0,0,2021,1,-,registered,available,available,available,1,4,1,Bid,0,6h 0m
spmarktech.com,0,0,2021,2,-,registered,available,available,available,1,2,1,Bid,0,6h 0m
denitaballforsheriff.org,0,0,2021,1,-,registered,available,registered,available,2,4,1,Bid,0,6h 0m
Location-Bennes-91.com,0,0,2021,1,-,registered,available,available,available,2,2,1,Bid,0,6h 0m
French-Gel.com,0,0,2013,10,-,registered,available,available,registered,2,2,0,Bid,0,6h 0m
RollAnd360.com,0,0,2018,2,-,registered,available,available,available,1,2,1,Bid,0,6h 0m
TimeStone.net,0,0,2004,13,-,registered,registered,registered,registered,41,38,1,Bid,0,6h 0m
TwentyInchSoul.com,8,2,2002,73,-,registered,registered,available,registered,3,4,4,Bid,0,6h 0m
mieninq.com,0,0,2018,5,-,registered,available,available,available,1,2,1,Bid,0,6h 0m
Disinfect2Refresh.com,0,0,2021,1,-,registered,available,available,available,1,2,0,Bid,0,6h 0m
Muenchen-Souvenirs.shop,0,0,2021,1,-,available,available,available,registered,2,0,0,Bid,0,6h 0m
mipadrinos.org,0,0,2021,1,-,registered,available,registered,available,2,6,1,Bid,0,6h 0m
inbodyskincare.com,0,0,2021,2,-,registered,available,available,available,1,2,0,Bid,0,6h 0m
Textile-Machinery.net,0,0,2003,37,-,registered,registered,registered,available,5,19,1,Bid,0,6h 0m
AudienceResponseSoftware.com,0,0,2014,13,-,registered,available,available,available,1,2,0,Bid,0,6h 0m
Urgence-Coach.com,3,1,2019,2,-,registered,available,available,available,1,2,1,Bid,0,6h 0m
SmartSoul.online,0,0,2018,3,-,registered,registered,registered,registered,16,30,0,Bid,0,6h 0m
kimbamariawigins83.com,0,0,2021,1,-,registered,available,available,available,1,2,1,Bid,0,6h 0m
Goth.bayern,0,0,2018,3,-,registered,registered,registered,registered,134,12.9 K,0,Bid,0,6h 0m
scuado.com,0,0,2009,2,-,registered,available,available,registered,2,2,2,Bid,0,6h 0m
m7z.info,0,0,2013,5,-,registered,registered,available,registered,11,0,11,Bid,0,6h 0m
FlixOnFlix.com,0,0,2021,1,-,registered,available,available,available,1,2,2,Bid,0,6h 0m
AndresNieves.com,10,2,2013,111,-,registered,available,available,available,2,2,19,Bid,0,6h 0m
MarketerSimpArables.online,0,0,2021,1,-,available,available,available,available,1,0,12,Bid,0,6h 0m
host-1precio.com,0,0,2018,2,-,registered,available,available,available,1,2,0,Bid,0,6h 0m
RentToOwnListings.net,0,0,2009,15,-,registered,registered,available,available,4,8,3,Bid,0,6h 0m
MokyFitness.com,0,0,2018,2,-,registered,available,available,available,2,2,0,Bid,0,6h 0m
purfuerst.name,0,0,2021,1,-,registered,available,available,registered,9,8,0,Bid,0,6h 0m
reifeninfo.biz,0,0,2004,13,-,registered,registered,available,registered,4,6,2,Bid,0,6h 0m
LeanAgileScrum.online,0,0,2018,15,-,registered,available,registered,available,5,4,1,Bid,0,6h 0m
CholBy.com,0,0,2013,4,-,registered,available,available,available,1,3,3,Bid,0,6h 0m
laclefdencre.com,110,0,2021,5,-,registered,available,available,available,1,2,3,Bid,0,6h 0m
aiyaagames.com,2,0,2017,12,-,registered,available,available,available,1,2,1,Bid,0,6h 0m
LandRoveRec.org,0,0,2021,1,-,registered,available,registered,available,2,5,1,Bid,0,6h 0m
isabella-flammia.com,0,0,2021,2,-,registered,available,available,available,1,2,0,Bid,0,6h 0m
MyWapiti.com,1,0,2021,2,-,registered,available,available,available,1,2,6,Bid,0,6h 0m
werbeplane.bayern,0,0,2018,2,-,registered,registered,registered,registered,9,21,3,Bid,0,6h 0m
kapitaldisponible.online,0,0,2021,2,-,registered,available,available,available,2,2,2,Bid,0,6h 0m
inmaculadaberjon.com,0,0,2021,1,-,registered,available,available,available,1,2,2,Bid,0,6h 0m
migente.cc,0,0,-,0,-,registered,registered,registered,registered,45,345,0,Bid,0,6h 0m
nyajotademar.com,0,0,2021,1,-,registered,available,available,available,1,2,2,Bid,0,6h 0m
PaulEngEris.com,0,0,2011,17,-,registered,available,available,available,1,2,2,Bid,0,6h 0m
lol2046.com,0,0,2018,2,-,registered,available,available,available,1,2,1,Bid,0,6h 0m
fribrisa.com,0,0,2021,1,-,registered,available,registered,registered,3,4,0,Bid,0,6h 0m
Bodega-Mallorca.bayern,0,0,2018,2,-,registered,registered,available,registered,4,5,0,Bid,0,6h 0m
pilegrimsleden.info,0,1,2016,8,-,registered,available,available,available,3,4,3,Bid,0,6h 0m
websiteagentur.bayern,0,0,2018,3,-,registered,available,available,registered,5,3,1,Bid,0,6h 0m
VisaMin.com,0,0,2011,2,-,registered,registered,registered,registered,6,19,1,Bid,0,6h 0m
ThePurpleCap.com,0,0,-,0,-,registered,available,available,available,2,2,3,Bid,0,6h 0m
InternetErasure.com,0,0,-,0,-,registered,registered,available,available,5,4,2,Bid,0,6h 0m
genussbombe.com,0,0,2021,1,-,registered,available,available,registered,2,2,1,Bid,0,6h 0m
CashmereCentre.biz,0,0,2013,12,-,registered,registered,registered,registered,14,12,3,Bid,0,6h 0m
shoubou.club,0,0,2021,1,-,registered,registered,available,available,8,42,1,Bid,0,6h 0m
colombacali.net,0,1,2016,6,-,available,registered,available,available,2,2,4,Bid,0,6h 0m
briannetaylormusic.com,0,0,2021,1,-,registered,available,available,available,1,2,0,Bid,0,6h 0m
InfoLogger.net,0,0,2010,13,-,registered,registered,registered,registered,6,10,0,Bid,0,6h 0m
charezy.com,0,0,2021,3,-,registered,available,available,available,1,2,1,Bid,0,6h 0m
bthlink.com,0,0,2011,1,-,registered,available,available,available,1,2,16,Bid,0,6h 0m
FindEngineeringTalent.com,0,0,2021,1,-,registered,available,available,available,1,2,0,Bid,0,6h 0m
GrovesGourmet.com,0,0,2008,9,-,registered,available,available,available,1,2,1,Bid,0,6h 0m
EuroPlayaGourmet.com,14,0,2021,2,-,registered,available,available,available,1,2,1,Bid,0,6h 0m
GadgetHero.shop,1,0,2018,4,-,registered,available,available,registered,8,11,3,Bid,0,6h 0m
revocante.com,0,0,2021,3,-,registered,available,available,available,1,2,7,Bid,0,6h 0m
Definite-Loop.com,0,0,2018,3,-,registered,available,available,available,1,2,1,Bid,0,6h 0m
GillBenefits.com,0,0,2011,1,-,registered,available,available,available,1,4,3,Bid,0,6h 0m
kaylenraine.com,0,0,2010,17,-,registered,available,available,available,1,2,0,Bid,0,6h 0m
mefabi.com,13,1,2010,30,-,registered,available,available,available,1,8,11,Bid,0,6h 0m
DayOff-Brand.com,0,0,2021,2,-,registered,available,available,available,1,2,11,Bid,0,6h 0m
Locations.bayern,0,0,2021,1,-,registered,registered,registered,registered,144,9.2 K,1,Bid,0,6h 0m
hjjfhdtsdtyjjf.com,0,0,-,0,-,registered,available,available,available,1,2,0,Bid,0,6h 0m
AftToken.com,0,0,2018,4,-,registered,available,registered,available,2,13,1,Bid,0,6h 0m
morrisjr.com,0,0,-,0,-,registered,available,available,available,1,35,0,Bid,0,6h 0m
HermesBass.com,0,0,2021,1,-,registered,available,available,available,1,2,0,Bid,0,6h 0m
stephansoulie.com,0,0,2021,2,-,registered,available,available,available,1,2,0,Bid,0,6h 0m
rena-anleihe.com,0,0,2016,6,-,registered,available,available,registered,2,2,1,Bid,0,6h 0m
YourElectricalServicePros.com,0,0,2021,1,-,registered,available,available,available,1,2,6,Bid,0,6h 0m
AnthonyRyanAgency.com,0,0,2018,5,-,registered,available,available,available,1,2,2,Bid,0,6h 0m
unserezukunft-ortenau.com,0,0,2021,1,-,registered,available,available,available,1,2,0,Bid,0,6h 0m
JulioJacobsEvents.com,0,0,-,0,-,registered,available,available,available,2,2,7,Bid,0,6h 0m
LadyExposed.com,0,0,2021,1,-,registered,available,available,available,1,2,3,Bid,0,6h 0m
CheerfulWine.com,0,0,2021,2,-,registered,available,available,available,1,6,0,Bid,0,6h 0m
42Tickets.com,0,0,2001,13,-,registered,available,available,available,1,2,1,Bid,0,6h 0m
sebastien-pacull.com,0,0,-,0,-,registered,available,available,available,2,2,0,Bid,0,6h 0m
keyxnotes.org,0,0,2021,2,-,registered,available,registered,available,2,4,1,Bid,0,6h 0m
DabAndGo.club,0,0,2021,2,-,registered,available,available,available,3,2,0,Bid,0,6h 0m
kiddolandbd.com,1,0,2017,44,-,registered,available,available,available,1,2,0,Bid,0,6h 0m
norbertschremb.com,0,0,2011,22,-,registered,available,available,available,1,2,1,Bid,0,6h 0m
seniorcareplanninginc.com,0,0,-,0,-,registered,available,available,available,1,2,0,Bid,0,6h 0m
dishosaurus.com,0,0,2021,1,-,registered,available,available,available,1,2,0,Bid,0,6h 0m
LavishCapitalGroup.com,0,0,-,0,-,registered,available,available,available,1,2,0,Bid,0,6h 0m
librocuentame.com,0,0,-,0,-,registered,available,available,available,1,2,2,Bid,0,6h 0m
WombAtone.net,0,0,2021,1,-,registered,registered,available,available,2,4,1,Bid,0,6h 0m
rsasecu.com,0,0,-,0,-,registered,available,available,available,1,16,8,Bid,0,6h 0m
kform.bayern,0,0,2021,1,-,registered,available,available,registered,22,457,0,Bid,0,6h 0m
supquality.com,0,0,-,0,-,registered,available,available,available,1,2,11,Bid,0,6h 0m
andreamanzanarez.com,0,0,2021,2,-,registered,available,available,available,1,2,3,Bid,0,6h 0m
brittaniebuffie.com,0,0,2021,5,-,registered,available,available,available,1,2,0,Bid,0,6h 0m
edv-bauer.bayern,0,0,2018,3,-,available,available,available,registered,2,0,1,Bid,0,6h 0m
radiantltest.online,0,0,2021,1,-,available,available,available,available,2,0,3,Bid,0,6h 0m
negabusukandeurope.com,0,0,2021,1,-,registered,available,available,available,1,2,2,Bid,0,6h 0m
nnlexabogados.com,0,0,2021,2,-,registered,available,available,available,1,2,2,Bid,0,6h 0m
activevolve.net,0,0,2021,1,-,registered,registered,available,available,3,4,7,Bid,0,6h 0m
fipro-complete.com,0,0,-,0,-,registered,available,registered,registered,4,4,0,Bid,0,6h 0m
SonsHome.com,2,0,2021,3,-,registered,available,available,available,2,91,1,Bid,0,6h 0m
PamperMePamperMyPet.com,0,0,-,0,-,registered,available,available,available,2,2,15,Bid,0,6h 0m
dymanagementgroup.com,0,0,2018,3,-,registered,available,available,available,1,5,1,Bid,0,6h 0m
AsSo-AiPen.com,0,0,2018,3,-,registered,available,available,available,2,2,56,Bid,0,6h 0m
ExcelSheet.org,0,0,2021,1,-,registered,available,registered,available,5,19,2,Bid,0,6h 0m
TheInviterMentalConsultingGroup.net,0,0,-,0,-,registered,registered,registered,available,3,6,2,Bid,0,6h 0m
schwarzwald-projekte.org,0,0,2021,1,-,registered,available,registered,registered,3,4,0,Bid,0,6h 0m
maroc-traiteur.com,1,1,2010,16,-,registered,available,available,available,1,2,1,Bid,0,6h 0m
SoulRootsCompany.com,"1,717",1,2020,10,-,registered,available,available,available,1,2,4,Bid,0,6h 0m
LamParasBeTania.com,5,0,2009,21,-,registered,available,available,available,1,2,20,Bid,0,6h 0m
JohnstonPainting.com,0,0,2001,26,-,registered,available,available,available,2,6,8,Bid,0,6h 0m
ParkCinemas.net,0,0,2021,1,-,registered,registered,available,available,2,11,15,Bid,0,6h 0m
RideSandAttractionStech.com,0,0,2021,1,-,registered,available,available,available,2,2,6,Bid,0,6h 0m
